{"pos":[-487.645996,257.283997,296.601013],"rotationMatrix":[0.822396278,0.384640127,0.41918534,-0.568915069,0.555910826,0.606051803,8.21825597e-05,-0.736895621,0.676006556],"scale":1.20000005,"type":"garbage_littlebox"}
{"pos":[252.247498,677.758606,179.58139],"rotationMatrix":[0.815662146,-0.578528583,0,0.578528583,0.815662146,0,0,0,1],"scale":1.20000005,"type":"garbage_littlebox"}
