{"pos":[-487.149994,255.794998,296.60199],"rotationMatrix":[0.795576572,-0.605853021,0,0.605853021,0.795576572,0,0,0,1],"scale":1.20000005,"type":"garbage_plasticbag_black"}
{"pos":[-487.752991,257.483002,296.743988],"rotationMatrix":[0.744505882,-0.667615891,0,0.667615891,0.744505882,0,0,0,1],"scale":1.20000005,"type":"garbage_plasticbag_black"}
{"pos":[-488.069,256.628998,296.626007],"rotationMatrix":[0.998627186,-0.0523807555,0,0.0523807555,0.998627186,0,0,0,1],"scale":1.76030004,"type":"garbage_plasticbag_black"}
{"pos":[252.527573,679.21582,179.577652],"rotationMatrix":[0.793364763,-0.608746588,0,0.608746588,0.793364763,0,0,0,1],"scale":1.20000005,"type":"garbage_plasticbag_black"}
{"pos":[253.518631,673.06073,179.603683],"rotationMatrix":[-0.989885151,-0.14187102,0,0.14187102,-0.989885151,0,0,0,1],"scale":1.20000005,"type":"garbage_plasticbag_black"}
{"pos":[255.56163,658.476501,179.552124],"rotationMatrix":[0.857698143,-0.5141536,0,0.5141536,0.857698143,0,0,0,1],"scale":1.20000005,"type":"garbage_plasticbag_black"}
{"pos":[252.123642,660.417236,179.555878],"rotationMatrix":[-0.734894335,-0.678181589,0,0.678181589,-0.734894335,0,0,0,1],"scale":1.20000005,"type":"garbage_plasticbag_black"}
{"pos":[257.238159,656.756897,179.528809],"rotationMatrix":[-0.48684302,-0.873489499,0,0.873489499,-0.48684302,0,0,0,1],"scale":1.19999993,"type":"garbage_plasticbag_black"}
{"pos":[256.352783,653.629272,179.582977],"rotationMatrix":[-0.992518544,0.12209402,0,-0.12209402,-0.992518544,0,0,0,1],"scale":1.20000005,"type":"garbage_plasticbag_black"}
{"pos":[255.442307,651.984924,179.437134],"rotationMatrix":[0.851415396,-0.524492025,0,0.524492025,0.851415396,0,0,0,1],"scale":1.20000005,"type":"garbage_plasticbag_black"}
{"pos":[256.258148,653.10083,179.479645],"rotationMatrix":[0.929673314,-0.368384987,0,0.368384987,0.929673314,0,0,0,1],"scale":1.20000005,"type":"garbage_plasticbag_black"}
{"pos":[98.264801,643.254517,260.937317],"rotationMatrix":[0.91887337,-0.394552469,0,0.394552469,0.91887337,0,0,0,1],"scale":1.20000005,"type":"garbage_plasticbag_black"}
