{"pos":[252.709885,662.334778,179.556046],"rotationMatrix":[0.993935049,0.109968789,0,-0.109968789,0.993935049,0,0,0,1],"scale":1.20000005,"type":"garbage_cardboard_box_a"}
{"pos":[104.843765,624.321167,260.939056],"rotationMatrix":[0.962376356,-0.271719992,0,0.271719992,0.962376356,0,0,0,1],"scale":1.20000005,"type":"garbage_cardboard_box_a"}
{"pos":[112.330833,643.314392,261.231903],"rotationMatrix":[-0.94722563,0.320567548,0,-0.320567548,-0.94722563,0,0,0,1],"scale":1.20000005,"type":"garbage_cardboard_box_a"}
