{"pos":[-487.135986,255.354996,296.571014],"rotationMatrix":[0.0294137001,-0.99956733,0,0.99956733,0.0294137001,0,0,0,1],"scale":1.20000005,"type":"garbage_plasticbag"}
{"pos":[-487.48999,256.131012,296.604004],"rotationMatrix":[-0.248482347,0.968636453,0,-0.968636453,-0.248482347,0,0,0,1],"scale":1.20000005,"type":"garbage_plasticbag"}
{"pos":[255.315979,674.518433,179.58667],"rotationMatrix":[-0.571561038,0.820559561,0,-0.820559561,-0.571561038,0,0,0,1],"scale":1.20000005,"type":"garbage_plasticbag"}
