{"pos":[-487.964996,255.809998,296.925995],"rotationMatrix":[0.224810958,0.974402428,0,-0.974402428,0.224810958,0,0,0,1],"scale":1.20000005,"type":"garbage_sack"}
{"pos":[-487.981995,255.785004,296.627991],"rotationMatrix":[-0.414867282,0.909881949,0,-0.909881949,-0.414867282,0,0,0,1],"scale":1.20000005,"type":"garbage_sack"}
{"pos":[478.348083,233.972824,159.959854],"rotationMatrix":[-0.229394138,-0.96352613,-0.137824923,0.973333597,-0.227082729,-0.0324824192,0,-0.141600907,0.989923835],"scale":1.20000005,"type":"garbage_sack"}
