{"pos":[-487.026001,257.001007,296.977997],"rotationMatrix":[0.956077218,-0.293114901,0,0.293114901,0.956077218,0,0,0,1],"scale":1.20000005,"type":"garbage_bottle_a"}
{"pos":[-323.990265,-545.166321,129.972672],"rotationMatrix":[-0.378035903,0.925790906,0,-0.925790906,-0.378035903,0,0,0,1],"scale":1.20000005,"type":"garbage_bottle_a"}
{"pos":[252.507126,674.017273,179.609283],"rotationMatrix":[0.666920722,-0.745128691,0,0.745128691,0.666920722,0,0,0,1],"scale":1.20000005,"type":"garbage_bottle_a"}
{"pos":[255.432434,661.303162,179.547943],"rotationMatrix":[-0.771811485,-0.635851383,0,0.635851383,-0.771811485,0,0,0,1],"scale":1.20000005,"type":"garbage_bottle_a"}
{"pos":[258.192505,658.746033,179.564484],"rotationMatrix":[0.306588829,-0.95184207,0,0.95184207,0.306588829,0,0,0,1],"scale":1.20000005,"type":"garbage_bottle_a"}
