{"pos":[-488.247009,255.074005,296.730011],"rotationMatrix":[0.438602448,0.898681223,0,-0.898681223,0.438602448,0,0,0,1],"scale":1.20000005,"type":"garbage_bin_b"}
{"pos":[114.676666,624.310852,260.938049],"rotationMatrix":[0.98854053,-0.150952145,0,0.150952145,0.98854053,0,0,0,1],"scale":1.20000005,"type":"garbage_bin_b"}
