{"pos":[-488.009003,254.397003,296.772003],"rotationMatrix":[-0.0115962625,0.999932766,0,-0.999932766,-0.0115962625,0,0,0,1],"scale":1.20000005,"type":"garbage_bin_a"}
