{"pos":[255.443008,657.636475,179.55481],"rotationMatrix":[-0.933909237,-0.357510179,0,0.357510179,-0.933909237,0,0,0,1],"scale":1.20000005,"type":"garbage_cardboard_box_b"}
{"pos":[270.823151,674.641113,179.56282],"rotationMatrix":[0.995904148,-0.0424864963,0.0798110589,0.0423507206,0.999097049,0.00339395669,-0.079883188,0,0.996804237],"scale":1.20000005,"type":"garbage_cardboard_box_b"}
