{"pos":[-324.581879,-546.167297,129.83403],"rotationMatrix":[0.3068524,-0.951757133,0,0.951757133,0.3068524,0,0,0,1],"scale":1.20000005,"type":"garbage_bottle_b"}
