{"pos":[-646.423889,-101.538673,231.027756],"rotationMatrix":[0.617862225,-0.786287308,0,0.786287308,0.617862225,0,0,0,1],"scale":1.14577496,"type":"Juniper_ancient_01"}
{"pos":[-452.080017,262.591705,296.627167],"rotationMatrix":[0.939303637,0.343087018,0,-0.343087018,0.939303637,0,0,0,1],"scale":1.36863184,"type":"Juniper_ancient_01"}
{"pos":[-405.806702,298.682098,297.084015],"rotationMatrix":[-0.8982687,0.439446688,0,-0.439446688,-0.8982687,0,0,0,1],"scale":1.4841311,"type":"Juniper_ancient_01"}
{"pos":[-50.2389374,331.39682,238.078705],"rotationMatrix":[-0.999997973,-0.00202480028,0,0.00202480028,-0.999997973,0,0,0,1],"scale":1.47326517,"type":"Juniper_ancient_01"}
{"pos":[22.3193893,375.139954,238.855499],"rotationMatrix":[0.137850061,0.990453124,0,-0.990453124,0.137850061,0,0,0,1],"scale":1.32687211,"type":"Juniper_ancient_01"}
{"pos":[17.3747101,377.848938,239.147858],"rotationMatrix":[-0.621562362,-0.783364713,0,0.783364713,-0.621562362,0,0,0,1],"scale":1.68140364,"type":"Juniper_ancient_01"}
{"pos":[78.5130615,338.733948,237.237259],"rotationMatrix":[0.981709421,0.190385535,0,-0.190385535,0.981709421,0,0,0,1],"scale":1.47643554,"type":"Juniper_ancient_01"}
{"pos":[-9.19740868,244.068512,237.568695],"rotationMatrix":[-0.975189447,0.221371993,0,-0.221371993,-0.975189447,0,0,0,1],"scale":1.28826332,"type":"Juniper_ancient_01"}
{"pos":[-138.261154,303.419495,241.459656],"rotationMatrix":[0.963536918,0.267575353,0,-0.267575353,0.963536918,0,0,0,1],"scale":1.41785097,"type":"Juniper_ancient_01"}
{"pos":[-351.241089,391.036774,266.301453],"rotationMatrix":[-0.228586897,0.973522842,0,-0.973522842,-0.228586897,0,0,0,1],"scale":1.69446397,"type":"Juniper_ancient_01"}
{"pos":[-281.446899,568.169617,241.608276],"rotationMatrix":[-0.996949613,0.0780480132,0,-0.0780480132,-0.996949613,0,0,0,1],"scale":1.65400064,"type":"Juniper_ancient_01"}
{"pos":[-126.16925,402.836517,254.014664],"rotationMatrix":[-0.971130788,-0.238547742,0,0.238547742,-0.971130788,0,0,0,1],"scale":1.67094898,"type":"Juniper_ancient_01"}
{"pos":[-722.380798,185.470276,297.301758],"rotationMatrix":[-0.79493022,-0.606700897,0,0.606700897,-0.79493022,0,0,0,1],"scale":1.4830308,"type":"Juniper_ancient_01"}
{"pos":[-651.570007,206.823166,297.280518],"rotationMatrix":[-0.638106346,-0.769948244,0,0.769948244,-0.638106346,0,0,0,1],"scale":1.4192071,"type":"Juniper_ancient_01"}
{"pos":[-561.147095,534.690552,295.088409],"rotationMatrix":[-0.0833658352,0.996519029,0,-0.996519029,-0.0833658352,0,0,0,1],"scale":1.28479242,"type":"Juniper_ancient_01"}
{"pos":[-548.228943,527.320984,297.001465],"rotationMatrix":[-0.95281446,0.303553373,0,-0.303553373,-0.95281446,0,0,0,1],"scale":1.27089393,"type":"Juniper_ancient_01"}
{"pos":[-567.712708,476.130127,297.021423],"rotationMatrix":[0.322181076,0.946678042,0,-0.946678042,0.322181076,0,0,0,1],"scale":1.33643055,"type":"Juniper_ancient_01"}
{"pos":[-729.258545,459.898376,299.136139],"rotationMatrix":[0.359300256,0.933221996,0,-0.933221996,0.359300256,0,0,0,1],"scale":1.58750427,"type":"Juniper_ancient_01"}
{"pos":[-738.323792,420.605957,298.701569],"rotationMatrix":[0.99129951,0.13162531,0,-0.13162531,0.99129951,0,0,0,1],"scale":1.26712632,"type":"Juniper_ancient_01"}
{"pos":[-900.224182,-218.670486,295.91806],"rotationMatrix":[0.793064475,0.609137714,0,-0.609137714,0.793064475,0,0,0,1],"scale":1.69105601,"type":"Juniper_ancient_01"}
{"pos":[-734.043396,237.070801,274.114441],"rotationMatrix":[-0.992565989,-0.121707886,0,0.121707886,-0.992565989,0,0,0,1],"scale":1.56064332,"type":"Juniper_ancient_01"}
{"pos":[-834.857788,83.388176,247.847778],"rotationMatrix":[0.935512781,0.353292823,0,-0.353292823,0.935512781,0,0,0,1],"scale":1.66083193,"type":"Juniper_ancient_01"}
{"pos":[-886.970276,176.063644,241.384827],"rotationMatrix":[0.741483688,-0.670970917,0,0.670970917,0.741483688,0,0,0,1],"scale":1.26482797,"type":"Juniper_ancient_01"}
{"pos":[-711.550781,669.393799,247.748566],"rotationMatrix":[0.45327124,0.891372621,0,-0.891372621,0.45327124,0,0,0,1],"scale":1.20171118,"type":"Juniper_ancient_01"}
{"pos":[-689.724365,607.671997,232.544464],"rotationMatrix":[0.997173846,0.075129047,0,-0.075129047,0.997173846,0,0,0,1],"scale":1.43845952,"type":"Juniper_ancient_01"}
{"pos":[54.0117874,433.241577,197.566177],"rotationMatrix":[0.917096496,-0.398665339,0,0.398665339,0.917096496,0,0,0,1],"scale":1.26993358,"type":"Juniper_ancient_01"}
{"pos":[-503.71286,891.683655,269.129517],"rotationMatrix":[0.643347442,-0.765574336,0,0.765574336,0.643347442,0,0,0,1],"scale":1.66711247,"type":"Juniper_ancient_01"}
{"pos":[-452.947754,778.442078,263.425049],"rotationMatrix":[-0.997941494,-0.0641307607,0,0.0641307607,-0.997941494,0,0,0,1],"scale":1.56284153,"type":"Juniper_ancient_01"}
{"pos":[-483.300781,817.635071,260.931854],"rotationMatrix":[-0.971543908,-0.236859486,0,0.236859486,-0.971543908,0,0,0,1],"scale":1.42487049,"type":"Juniper_ancient_01"}
{"pos":[-412.947113,819.310669,261.603577],"rotationMatrix":[-0.101670876,-0.994818091,0,0.994818091,-0.101670876,0,0,0,1],"scale":1.44044316,"type":"Juniper_ancient_01"}
{"pos":[-491.750153,9.71922302,246.002029],"rotationMatrix":[0.989926279,0.141583711,0,-0.141583711,0.989926279,0,0,0,1],"scale":1.55238378,"type":"Juniper_ancient_01"}
{"pos":[-532.224854,-406.138123,152.637787],"rotationMatrix":[0.57747978,-0.816404998,0,0.816404998,0.57747978,0,0,0,1],"scale":1.55245566,"type":"Juniper_ancient_01"}
{"pos":[-303.914764,-193.817276,162.923248],"rotationMatrix":[0.67842716,-0.734667659,0,0.734667659,0.67842716,0,0,0,1],"scale":1.3686353,"type":"Juniper_ancient_01"}
{"pos":[61.0644684,59.9109802,173.099747],"rotationMatrix":[-0.267623484,-0.963523567,0,0.963523567,-0.267623484,0,0,0,1],"scale":1.53757083,"type":"Juniper_ancient_01"}
{"pos":[168.967026,-53.7630577,170.802643],"rotationMatrix":[-0.0360603072,-0.999349594,0,0.999349594,-0.0360603072,0,0,0,1],"scale":1.32766962,"type":"Juniper_ancient_01"}
{"pos":[13.916749,-119.760216,143.448303],"rotationMatrix":[-0.145351082,0.989380121,0,-0.989380121,-0.145351082,0,0,0,1],"scale":1.3057065,"type":"Juniper_ancient_01"}
{"pos":[-335.015137,-538.03009,130.030334],"rotationMatrix":[-0.581707299,-0.813398361,0,0.813398361,-0.581707299,0,0,0,1],"scale":0.985151172,"type":"Juniper_ancient_01"}
{"pos":[634.108276,495.766174,185.082794],"rotationMatrix":[0.123953864,-0.992287993,0,0.992287993,0.123953864,0,0,0,1],"scale":1.22868454,"type":"Juniper_ancient_01"}
{"pos":[616.365051,390.570007,163.959747],"rotationMatrix":[0.27950725,0.960143566,0,-0.960143566,0.27950725,0,0,0,1],"scale":1.48569036,"type":"Juniper_ancient_01"}
{"pos":[624.858582,449.326355,182.345856],"rotationMatrix":[-0.963518679,0.267641097,0,-0.267641097,-0.963518679,0,0,0,1],"scale":1.32007039,"type":"Juniper_ancient_01"}
{"pos":[576.840881,406.144684,174.857742],"rotationMatrix":[0.734712005,0.678379118,0,-0.678379118,0.734712005,0,0,0,1],"scale":1.38790083,"type":"Juniper_ancient_01"}
{"pos":[-518.505981,112.064682,245.847412],"rotationMatrix":[-0.518309295,0.855193257,0,-0.855193257,-0.518309295,0,0,0,1],"scale":1.30180049,"type":"Juniper_ancient_01"}
{"pos":[865.82135,-220.433929,145.417175],"rotationMatrix":[-0.999803662,-0.0198162068,0,0.0198162068,-0.999803662,0,0,0,1],"scale":1.22323036,"type":"Juniper_ancient_01"}
{"pos":[523.925171,906.025574,246.778458],"rotationMatrix":[-0.953773201,-0.300527394,0,0.300527394,-0.953773201,0,0,0,1],"scale":1.40743065,"type":"Juniper_ancient_01"}
{"pos":[206.686157,757.670776,258.69162],"rotationMatrix":[0.967932284,0.251211166,0,-0.251211166,0.967932284,0,0,0,1],"scale":1.39257741,"type":"Juniper_ancient_01"}
{"pos":[213.710754,751.570251,241.372101],"rotationMatrix":[-0.566794693,-0.823859096,0,0.823859096,-0.566794693,0,0,0,1],"scale":1.32028532,"type":"Juniper_ancient_01"}
{"pos":[673.955383,672.372742,177.917847],"rotationMatrix":[-0.721950948,0.691944242,0,-0.691944242,-0.721950948,0,0,0,1],"scale":1.36075377,