{"pos":[-598.952698,-667.861816,158.988174],"rotationMatrix":[0.247805715,-0.966020286,-0.0734651834,0.968637764,0.248477161,7.4505806e-09,0.0182544086,-0.0711611509,0.997297764],"scale":1,"type":"utah2_guardrail_endcap_L"}
{"pos":[621.167175,-776.67334,141.73555],"rotationMatrix":[0.999430716,-0.0337373689,0,0.0337373689,0.999430716,0,0,0,1],"scale":1,"type":"utah2_guardrail_endcap_L"}
{"pos":[-445.60144,-526.708618,138.620102],"rotationMatrix":[-0.647707701,-0.743795097,0.165056318,0.754138768,-0.656715035,-2.23517418e-08,0.10839498,0.12447536,0.986284137],"scale":1,"type":"utah2_guardrail_endcap_L"}
{"pos":[281.413818,-15.1907368,150.54509],"rotationMatrix":[0.0320538878,-0.997799754,0.0580365397,0.99948442,0.0321080089,-7.4505806e-09,-0.00186343119,0.0580066182,0.99831444],"scale":1,"type":"utah2_guardrail_endcap_L"}
{"pos":[534.791565,265.830048,159.320679],"rotationMatrix":[-0.518043041,-0.854695439,0.033571098,0.855177522,-0.518335223,-3.7252903e-09,0.017401088,0.0287092477,0.999436319],"scale":1,"type":"utah2_guardrail_endcap_L"}
{"pos":[-719.189331,376.908997,292.106812],"rotationMatrix":[-0.339792252,-0.900533497,-0.271257639,0.935612619,-0.353028536,2.98023224e-08,-0.0957616791,-0.253792048,0.962506771],"scale":1,"type":"utah2_guardrail_endcap_L"}
{"pos":[-723.103027,322.796387,274.803894],"rotationMatrix":[0.084082067,0.968248904,0.235423654,-0.996250689,0.0865136981,-2.98023224e-08,-0.0203674063,-0.234540984,0.971892834],"scale":1,"type":"utah2_guardrail_endcap_L"}
{"pos":[-719.635498,-498.240234,186.340927],"rotationMatrix":[0.782598257,-0.613438845,-0.10598518,0.616913438,0.787030995,7.4505806e-09,0.0834136158,-0.0653836876,0.994367719],"scale":1,"type":"utah2_guardrail_endcap_L"}
{"pos":[-383.708099,-869.003845,133.760696],"rotationMatrix":[-0.969706655,-0.234352261,0.0689067692,0.234910607,-0.97201705,-6.51925802e-09,0.066978544,0.0161869228,0.997623086],"scale":1,"type":"utah2_guardrail_endcap_L"}
{"pos":[-910.684509,-1034.21655,120.523224],"rotationMatrix":[1,1.50995803e-07,0,-1.50995803e-07,1,0,0,0,1],"scale":1,"type":"utah2_guardrail_endcap_L"}
