{"pos":[-516.533508,-827.948547,141.076584],"rotationMatrix":[0.794409871,-0.603963137,-0.0643545687,0.605217695,0.796059966,5.58793545e-09,0.0512300953,-0.0389485285,0.99792707],"scale":1,"type":"utah2_guardrail_endcap_R"}
{"pos":[687.684875,-725.536682,145.358307],"rotationMatrix":[0.768459439,0.637418151,0.0562868789,-0.638430238,0.769679666,-3.7252903e-09,-0.0433228686,-0.0359352455,0.998414636],"scale":1,"type":"utah2_guardrail_endcap_R"}
{"pos":[-549.107483,-626.509094,162.571167],"rotationMatrix":[-0.946752429,-0.316667795,0.0581510551,0.317204595,-0.948357224,-5.58793545e-09,0.055147972,0.0184457749,0.998307824],"scale":1,"type":"utah2_guardrail_endcap_R"}
{"pos":[174.713303,-145.147095,142.011658],"rotationMatrix":[-0.926091313,-0.374649644,-0.0446382463,0.375023484,-0.927015305,4.65661287e-09,-0.0413803384,-0.0167403854,0.999003232],"scale":1,"type":"utah2_guardrail_endcap_R"}
{"pos":[414.659546,226.345734,160.55719],"rotationMatrix":[-0.983495831,0.176557302,-0.0395442024,-0.176695496,-0.984265685,3.25962901e-09,-0.038921997,0.0069872858,0.999217808],"scale":1,"type":"utah2_guardrail_endcap_R"}
{"pos":[-597.789001,320.260712,299.595154],"rotationMatrix":[0.288380921,-0.954863966,-0.0712124184,0.957294405,0.289114952,1.11758709e-08,0.0205885638,-0.0681712478,0.9974612],"scale":1,"type":"utah2_guardrail_endcap_R"}
{"pos":[-714.11438,326.34906,276.33905],"rotationMatrix":[0.225343049,-0.942706048,-0.246020049,0.972599089,0.232488692,2.23517418e-08,0.0571968555,-0.239278883,0.969264746],"scale":1,"type":"utah2_guardrail_endcap_R"}
{"pos":[-623.504578,-600.211365,168.161041],"rotationMatrix":[0.621983051,-0.778586268,-0.0833095163,0.781302333,0.62415278,3.7252903e-09,0.0519978665,-0.0650899261,0.996523738],"scale":1,"type":"utah2_guardrail_endcap_R"}
{"pos":[-612.477173,-666.026367,159.949066],"rotationMatrix":[-0.646052122,0.747689545,0.153547838,-0.756662667,-0.653805494,-1.86264515e-08,0.100390412,-0.116183922,0.988141239],"scale":1,"type":"utah2_guardrail_endcap_R"}
{"pos":[-909.781494,-1034.21655,120.523224],"rotationMatrix":[1,1.50995803e-07,0,-1.50995803e-07,1,0,0,0,1],"scale":1,"type":"utah2_guardrail_endcap_R"}
{"pos":[513.898132,235.350159,160.138092],"rotationMatrix":[-0.976640701,0.165955067,0.136499405,-0.174297377,-0.983343422,-0.0515394062,0.125672534,-0.0741269439,0.989298463],"scale":1,"type":"utah2_guardrail_endcap_R"}
