{"pos":[-476.557007,230.934647,296.593933],"rotationMatrix":[-0.972411394,0.233272597,0,-0.233272597,-0.972411394,0,0,0,1],"scale":1,"type":"utah2_rock_big_2_d_top"}
{"pos":[296.42218,731.451538,187.132324],"rotationMatrix":[0.744302571,0.667842686,0,-0.667842686,0.744302571,0,0,0,1],"scale":1,"type":"utah2_rock_big_2_d_top"}
{"pos":[-938.582581,577.983582,284.517395],"rotationMatrix":[-0.859050095,-0.511891305,0,0.511891305,-0.859050095,0,0,0,1],"scale":0.765486181,"type":"utah2_rock_big_2_d_top"}
{"pos":[-963.302063,597.603027,286.213196],"rotationMatrix":[0.800568759,0.599240899,0,-0.599240899,0.800568759,0,0,0,1],"scale":1,"type":"utah2_rock_big_2_d_top"}
{"pos":[-964.574219,614.204041,266.584778],"rotationMatrix":[0.408474088,-0.912769914,0,0.912769914,0.408474088,0,0,0,1],"scale":1,"type":"utah2_rock_big_2_d_top"}
{"pos":[-982.157898,646.542664,281.772736],"rotationMatrix":[-0.429414034,0.903107762,0,-0.903107762,-0.429414034,0,0,0,1],"scale":1,"type":"utah2_rock_big_2_d_top"}
{"pos":[-888.554688,675.195374,279.762024],"rotationMatrix":[-0.544011414,-0.83907783,0,0.83907783,-0.544011414,0,0,0,1],"scale":1,"type":"utah2_rock_big_2_d_top"}
{"pos":[-892.143311,660.905212,288.321869],"rotationMatrix":[-0.564188778,-0.825645864,0,0.825645864,-0.564188778,0,0,0,1],"scale":0.796090961,"type":"utah2_rock_big_2_d_top"}
{"pos":[-900.851013,-67.4587173,253.264587],"rotationMatrix":[-0.345326453,0.938481987,0,-0.938481987,-0.345326453,0,0,0,1],"scale":1,"type":"utah2_rock_big_2_d_top"}
{"pos":[-904.313904,-66.8790054,253.182709],"rotationMatrix":[-0.745072663,-0.666983306,0,0.666983306,-0.745072663,0,0,0,1],"scale":1,"type":"utah2_rock_big_2_d_top"}
{"pos":[-900.160645,-71.9380951,255.685242],"rotationMatrix":[0.861273289,-0.508141994,0,0.508141994,0.861273289,0,0,0,1],"scale":1,"type":"utah2_rock_big_2_d_top"}
{"pos":[-906.496155,-71.7668839,256.754486],"rotationMatrix":[0.756432533,0.654072285,0,-0.654072285,0.756432533,0,0,0,1],"scale":1,"type":"utah2_rock_big_2_d_top"}
{"pos":[-982.104492,-190.848557,278.806213],"rotationMatrix":[0.67546314,-0.737393737,0,0.737393737,0.67546314,0,0,0,1],"scale":1,"type":"utah2_rock_big_2_d_top"}
{"pos":[-898.868713,-112.783653,268.160828],"rotationMatrix":[-0.560073972,0.828443587,0,-0.828443587,-0.560073972,0,0,0,1],"scale":1,"type":"utah2_rock_big_2_d_top"}
{"pos":[-899.444519,-116.637123,268.947632],"rotationMatrix":[-0.811789095,0.583951414,0,-0.583951414,-0.811789095,0,0,0,1],"scale":1,"type":"utah2_rock_big_2_d_top"}
{"pos":[-863.96228,84.4664688,240.376953],"rotationMatrix":[0.446119517,0.891072154,-0.0834682733,-0.892045796,0.435186803,-0.121919475,-0.0723147616,0.128848717,0.989023924],"scale":1,"type":"utah2_rock_big_2_d_top"}
{"pos":[-862.881287,88.9521637,237.197952],"rotationMatrix":[-0.490537494,-0.871420085,0,0.871420085,-0.490537494,0,0,0,1],"scale":1,"type":"utah2_rock_big_2_d_top"}
{"pos":[-856.68219,79.0289154,240.305649],"rotationMatrix":[0.986677229,0.16268985,0,-0.16268985,0.986677229,0,0,0,1],"scale":1,"type":"utah2_rock_big_2_d_top"}
{"pos":[-868.622375,67.3546371,243.924957],"rotationMatrix":[-0.994899988,-0.100867741,0,0.100867741,-0.994899988,0,0,0,1],"scale":1,"type":"utah2_rock_big_2_d_top"}
{"pos":[-862.225037,72.3268509,240.904724],"rotationMatrix":[-0.0718607977,0.997414589,0,-0.997414589,-0.0718607977,0,0,0,1],"scale":1,"type":"utah2_rock_big_2_d_top"}
{"pos":[-15.0874157,208.051819,230.176956],"rotationMatrix":[0.979565918,-0.201124132,0,0.201124132,0.979565918,0,0,0,1],"scale":1,"type":"utah2_rock_big_2_d_top"}
{"pos":[-57.2849998,210.995865,229.762222],"rotationMatrix":[0.489764661,-0.871854544,0,0.871854544,0.489764661,0,0,0,1],"scale":1,"type":"utah2_rock_big_2_d_top"}
{"pos":[-71.7427521,186.117935,226.545715],"rotationMatrix":[0.784540176,0.620078027,0,-0.620078027,0.784540176,0,0,0,1],"scale":1,"type":"utah2_rock_big_2_d_top"}
{"pos":[-93.8777695,186.928085,226.663681],"rotationMatrix":[0.920343697,-0.391110599,0,0.391110599,0.920343697,0,0,0,1],"scale":1,"type":"utah2_rock_big_2_d_top"}
{"pos":[-99.8306427,186.74971,227.070038],"rotationMatrix":[-0.04376252,0.999041975,0,-0.999041975,-0.04376252,0,0,0,1],"scale":1,"type":"utah2_rock_big_2_d_top"}
{"pos":[-132.776169,197.43956,229.17363],"rotationMatrix":[0.913975954,0.405767679,0,-0.405767679,0.913975954,0,0,0,1],"scale":1,"type":"utah2_rock_big_2_d_top"}
{"pos":[-155.081909,211.445465,229.083282],"rotationMatrix":[-0.976305544,-0.21639666,0,0.21639666,-0.976305544,0,0,0,1],"scale":1,"type":"utah2_rock_big_2_d_top"}
{"pos":[-283.28479,269.52002,229.928864],"rotationMatrix":[-0.043228969,0.99906522,0,-0.99906522,-0.043228969,0,0,0,1],"scale":1,"type":"utah2_rock_big_2_d_top"}
{"pos":[-288.944458,239.84697,230.030701],"rotationMatrix":[0.166362688,-0.986062348,0,0.986062348,0.166362688,0,0,0,1],"scale":1,"type":"utah2_rock_big_2_d_top"}
{"pos":[-139.014099,201.609558,229.273697],"rotationMatrix":[0.357559115,-0.9338907,0,0.9338907,0.357559115,0,0,0,1],"scale":1,"type":"utah2_rock_big_2_d_top"}
{"pos":[-349.226257,79.9428024,229.576279],"rotationMatrix":[0.827333987,-0.561710238,0,0.561710238,0.827333987,0,0,0,1],"scale":1,"type":"utah2_rock_big_2_d_top"}
{"pos":[-369.592743,78.7238312,229.518448],"rotationMatrix":[-0.249168888,0.968460023,0,-0.968460023,-0.249168888,0,0,0,1],"scale":1,"type":"utah2_rock_big_2_d_top"}
{"pos":[-455.48996,94.6691055,229.218262],"rotationMatrix":[-0.15122582,-0.988499641,0,0.988499641,-0.15122582,0,0,0,1],"scale":1,"type":"utah2_rock_big_2_d_top"}
{"pos":[548.644348,-599.044983,135.217453],"rotationMatrix":[-0.552818358,-0.833301783,0,0.833301783,-0.552818358,0,0,0,1],"scale":1,"type":"utah2_rock_big_2_d_top"}
{"pos":[-509.940826,101.920937,229.834106],"rotationMatrix":[0.948780715,-0.315934986,0,0.315934986,0.948780715,0,0,0,1],"scale":1,"type":"utah2_rock_big_2_d_top"}
{"pos":[-488.81839,46.7986031,229.598816],"rotationMatrix":[-0.362202227,-0.932099521,0,0.932099521,-0.362202227,0,0,0,1],"scale":1,"type":"utah2_rock_big_2_d_top"}
{"pos":[-552.241577,-131.028168,229.196503],"rotationMatrix":[-0.307754278,0.951465845,0,-0.951465845,-0.307754278,0,0,0,1],"scale":1,"type":"utah2_rock_big_2_d_top"}
{"pos":[-539.1427,-126.981972,229.184464],"rotationMatrix":[-0.998303771,0.0582162812,0,-0.0582162812,-0.998303771,0,0,0,1],"scale":1,"type":"utah2_rock_big_2_d_top"}
{"pos":[-628.699829,-96.9357605,229.562485],"rotationMatrix":[0.398609489,-0.917120755,0,0.917120755,0.398609489,0,0,0,1],"scale":1,"type":"utah2_rock_big_2_d_top"}
{"pos":[-610.402832,-108.641235,231.495728],"rotationMatrix":[-0.998032868,-0.0626926646,0,0.0626926646,-0.998032868,0,0,0,1],"scale":0.650444031,"type":"utah2_rock_big_2_d_top"}
{"pos":[-618.418396,-111.500809,227.172623],"rotationMatrix":[0.467840672,0.883812845,0,-0.883812845,0.467840672,0,0,0,1],"scale":1,"type":"utah2_rock_big_2_d_top"}
{"pos":[-568.151489,-133.953171,229.044312],"rotationMatrix":[0.96095264,-0.236643836,0.143419594,0.259361863,0.950919032,-0.168772802,-0.0964413881,0.199380323,0.975164711],"scale":1,"type":"utah2_rock_big_2_d_top"}
{"pos":[-605.345459,-134.526154,230.264267],"rotationMatrix":[-0.996591508,0.0824932903,0,-0.0824932903,-0.996591508,0,0,0,1],"scale":1,"type":"utah2_rock_big_2_d_top"}
{"pos":[-642.279114,-238.959824,230.33786],"rotationMatrix":[0.978048563,-0.208377019,0,0.208377019,0.978048563,0,0,0,1],"scale":0.905794024,"type":"utah2_rock_big_2_d_top"}
{"pos":[-635.833496,-198.953094,230.127548],"rotationMatrix":[0.995959759,-0.0897986442,0,0.0897986442,0.995959759,0,0,0,1],"scale":1,"type":"utah2_rock_big_2_d_top"}
{"pos":[-634.6875,-214.570999,230.438492],"rotationMatrix":[-0.979479253,0.20154503,0,-0.20154503,-0.979479253,0,0,0,1],"scale":0.690730214,"type":"utah2_rock_big_2_d_top"}
{"pos":[-495.880768,-117.780815,228.69928],"rotationMatrix":[0.650322616,-0.759658098,0,0.759658098,0.650322616,0,0,0,1],"scale":1,"type":"utah2_rock_big_2_d_top"}
{"pos":[-495.029602,-114.790398,229.577332],