{"pos":[-43.2490005,-76.7601013,152.313004],"rotationMatrix":[0.0916872025,-0.995787859,0,0.995787859,0.0916872025,0,0,0,1],"scale":1.4052,"type":"utah2_rock_big_2_e"}
{"pos":[-163.238998,-42.6397018,172.904999],"rotationMatrix":[-0.787576675,0.61621666,0,-0.61621666,-0.787576675,0,0,0,1],"scale":1,"type":"utah2_rock_big_2_e"}
{"pos":[-171.462006,-15.3683996,172.679993],"rotationMatrix":[-0.910360157,0.413816839,0,-0.413816839,-0.910360157,0,0,0,1],"scale":1,"type":"utah2_rock_big_2_e"}
{"pos":[-164.104004,-49.4207001,171.695999],"rotationMatrix":[0.177758217,0.984074175,0,-0.984074175,0.177758217,0,0,0,1],"scale":1.36609995,"type":"utah2_rock_big_2_e"}
{"pos":[-131.216995,-113.658997,152.481003],"rotationMatrix":[-0.576420426,0.817153275,0,-0.817153275,-0.576420426,0,0,0,1],"scale":1,"type":"utah2_rock_big_2_e"}
{"pos":[-130.425995,-106.736,152.505997],"rotationMatrix":[0.911300063,-0.411742866,0,0.411742866,0.911300063,0,0,0,1],"scale":1,"type":"utah2_rock_big_2_e"}
{"pos":[-233.470993,-7.59100008,175.404007],"rotationMatrix":[0.0722186565,-0.99738884,0,0.99738884,0.0722186565,0,0,0,1],"scale":1.54690003,"type":"utah2_rock_big_2_e"}
{"pos":[-293.18399,-55.3218994,175.714996],"rotationMatrix":[0.420664787,0.907216132,0,-0.907216132,0.420664787,0,0,0,1],"scale":1,"type":"utah2_rock_big_2_e"}
{"pos":[-295.623993,-56.4723015,175.223007],"rotationMatrix":[0.240879893,-0.970554948,0,0.970554948,0.240879893,0,0,0,1],"scale":1.27750003,"type":"utah2_rock_big_2_e"}
{"pos":[-293.700989,-59.8577995,174.876999],"rotationMatrix":[0.0520230532,0.998645902,0,-0.998645902,0.0520230532,0,0,0,1],"scale":1,"type":"utah2_rock_big_2_e"}
{"pos":[-479.207001,-228.787994,164.451004],"rotationMatrix":[0.997861624,-0.065361917,0,0.065361917,0.997861624,0,0,0,1],"scale":1.17739999,"type":"utah2_rock_big_2_e"}
{"pos":[-20.4822998,-778.299011,118.861],"rotationMatrix":[0.755974054,-0.654601574,0,0.654601574,0.755974054,0,0,0,1],"scale":2.30830002,"type":"utah2_rock_big_2_e"}
{"pos":[-421.712006,-730.179993,105.749001],"rotationMatrix":[0.855394363,-0.517977297,0,0.517977297,0.855394363,0,0,0,1],"scale":1,"type":"utah2_rock_big_2_e"}
{"pos":[-443.759003,-886.210022,133.024994],"rotationMatrix":[0.761539221,0.648118854,0,-0.648118854,0.761539221,0,0,0,1],"scale":1,"type":"utah2_rock_big_2_e"}
{"pos":[-615.267029,-255.371002,198.770996],"rotationMatrix":[-0.231471121,0.972841799,0,-0.972841799,-0.231471121,0,0,0,1],"scale":2.1803,"type":"utah2_rock_big_2_e"}
{"pos":[-628.429993,-636.112,164.154999],"rotationMatrix":[-0.374145448,-0.927370012,0,0.927370012,-0.374145448,0,0,0,1],"scale":1,"type":"utah2_rock_big_2_e"}
{"pos":[-647.565979,-880.669983,114.804001],"rotationMatrix":[0.77177465,-0.635896146,0,0.635896146,0.77177465,0,0,0,1],"scale":1.56060004,"type":"utah2_rock_big_2_e"}
{"pos":[-742.130005,-891.366028,112.681],"rotationMatrix":[0.995880127,0.0900692716,0.010502317,-0.0880856067,0.933379412,0.347913504,0.0215336699,-0.347405225,0.937467813],"scale":0.894200027,"type":"utah2_rock_big_2_e"}
{"pos":[-857.098999,-728.619019,156.531998],"rotationMatrix":[0.36088717,-0.932609499,0,0.932609499,0.36088717,0,0,0,1],"scale":1,"type":"utah2_rock_big_2_e"}
{"pos":[-869.758972,-861.21698,121.391998],"rotationMatrix":[0.0325232744,-0.999470949,0,0.999470949,0.0325232744,0,0,0,1],"scale":1.08200002,"type":"utah2_rock_big_2_e"}
{"pos":[-792.801025,-922.471008,159.610001],"rotationMatrix":[0.119995713,0.992774427,0,-0.992774427,0.119995713,0,0,0,1],"scale":1.99269998,"type":"utah2_rock_big_2_e"}
{"pos":[-912.263,-836.812012,108.626999],"rotationMatrix":[-0.644860268,-0.764300466,0,0.764300466,-0.644860268,0,0,0,1],"scale":1.42330003,"type":"utah2_rock_big_2_e"}
{"pos":[-964.356018,-817.411011,106.319],"rotationMatrix":[-0.762358069,-0.647155464,0,0.647155464,-0.762358069,0,0,0,1],"scale":2.5072,"type":"utah2_rock_big_2_e"}
{"pos":[-1019.91998,-759.377991,151.076996],"rotationMatrix":[-0.878187418,0.478316694,0,-0.478316694,-0.878187418,0,0,0,1],"scale":3.41989994,"type":"utah2_rock_big_2_e"}
{"pos":[-44.0066986,813.158997,227.602005],"rotationMatrix":[0.900453568,-0.43495214,0,0.43495214,0.900453568,0,0,0,1],"scale":1.11979997,"type":"utah2_rock_big_2_e"}
{"pos":[-36.4710007,790.789001,215.901001],"rotationMatrix":[-0.883923113,0.467632264,0,-0.467632264,-0.883923113,0,0,0,1],"scale":1,"type":"utah2_rock_big_2_e"}
{"pos":[-1.1832,789.763977,228.438004],"rotationMatrix":[0.792500973,-0.609870672,0,0.609870672,0.792500973,0,0,0,1],"scale":1,"type":"utah2_rock_big_2_e"}
{"pos":[-68.4160004,861.997009,255.940002],"rotationMatrix":[-0.447857678,0.894104838,0,-0.894104838,-0.447857678,0,0,0,1],"scale":1,"type":"utah2_rock_big_2_e"}
{"pos":[-90.9814987,787.872986,224.529007],"rotationMatrix":[-0.449789703,0.893134475,0,-0.893134475,-0.449789703,0,0,0,1],"scale":1,"type":"utah2_rock_big_2_e"}
{"pos":[-63.3552017,797.039978,215.505997],"rotationMatrix":[-0.848199189,0.529677391,0,-0.529677391,-0.848199189,0,0,0,1],"scale":1.18929994,"type":"utah2_rock_big_2_e"}
{"pos":[-85.3509979,611.049988,221.201004],"rotationMatrix":[0.380823135,-0.924647927,0,0.924647927,0.380823135,0,0,0,1],"scale":1.14880002,"type":"utah2_rock_big_2_e"}
{"pos":[-87.2472992,609.924988,221.449997],"rotationMatrix":[-0.942470193,-0.334290206,0,0.334290206,-0.942470193,0,0,0,1],"scale":1,"type":"utah2_rock_big_2_e"}
{"pos":[-65.0929031,564.71698,202.147995],"rotationMatrix":[-0.0806834698,-0.996739745,0,0.996739745,-0.0806834698,0,0,0,1],"scale":1.65680003,"type":"utah2_rock_big_2_e"}
{"pos":[-89.6432037,610.413025,221.240997],"rotationMatrix":[0.965044737,-0.262085199,0,0.262085199,0.965044737,0,0,0,1],"scale":1.27579999,"type":"utah2_rock_big_2_e"}
{"pos":[-232.789993,678.984009,204.886002],"rotationMatrix":[-0.995749295,-0.0921050608,0,0.0921050608,-0.995749295,0,0,0,1],"scale":1.31289995,"type":"utah2_rock_big_2_e"}
{"pos":[-206.044998,685.833008,204.242996],"rotationMatrix":[0.571631432,-0.814561129,-0.0986290798,0.818006456,0.556370854,0.146003038,-0.0640540496,-0.164139152,0.98435533],"scale":1.70130002,"type":"utah2_rock_big_2_e"}
{"pos":[-270.872009,737.330017,221.005005],"rotationMatrix":[0.258273005,0.966071963,0,-0.966071963,0.258273005,0,0,0,1],"scale":1,"type":"utah2_rock_big_2_e"}
{"pos":[-341.872009,599.012024,239.380005],"rotationMatrix":[-0.687312484,0.726361871,0,-0.726361871,-0.687312484,0,0,0,1],"scale":1,"type":"utah2_rock_big_2_e"}
{"pos":[-219.955002,458.598999,255.330002],"rotationMatrix":[-0.000848591328,0.999999642,0,-0.999999642,-0.000848591328,0,0,0,1],"scale":1,"type":"utah2_rock_big_2_e"}
{"pos":[-111.454002,73.0953979,174.966995],"rotationMatrix":[0.277656794,0.960680306,0,-0.960680306,0.277656794,0,0,0,1],"scale":1,"type":"utah2_rock_big_2_e"}
{"pos":[-249.550003,194.660995,197.492996],"rotationMatrix":[-0.468995333,0.804316998,0.364852726,-0.717088759,-0.587932944,0.374324143,0.51558423,-0.0860755146,0.852504492],"scale":1,"type":"utah2_rock_big_2_e"}
{"pos":[-185.147003,39.9640007,174.281006],"rotationMatrix":[-0.397429645,-0.917632639,0,0.917632639,-0.397429645,0,0,0,1],"scale":1.5869,"type":"utah2_rock_big_2_e"}
{"pos":[-362.609985,224.917999,248.376999],"rotationMatrix":[0.950824499,-0.309730172,0,0.309730172,0.950824499,0,0,0,1],"scale":1.73280001,"type":"utah2_rock_big_2_e"}
{"pos":[-355.57901,206.798996,243.569],"rotationMatrix":[-0.932510972,0.361141652,0,-0.361141652,-0.932510972,0,0,0,1],"scale":1.13670003,"type":"utah2_rock_big_2_e"}
{"pos":[-349.835999,213.718002,244.417007],"rotationMatrix":[0.752068639,-0.659084797,0,0.659084797,0.752068639,0,0,0,1],"scale":1,"type":"utah2_rock_big_2_e"}
{"pos":[-561.372986,699.372986,246.945007],"rotationMatrix":[-0.0141416192,-0.999899983,0,0.999899983,-0.0141416192,0,0,0,1],"scale":1.61310005,"type":"utah2_rock_big_2_e"}
{"pos":[-695.882019,737.390015,256.997986],"rotationMatrix":[-0.255102813,0.966913939,0,-0.966913939,-0.255102813,0,0,0,1],"scale":1,"type":"utah2_rock_big_2_e"}
{"pos":[-675.437988,544.538025,244.091003],